,배우코드,영화제목,개봉날짜,배우이름,감독,출연진,평점
0,kang_dongwon,브로커,20206257,강동원,고레에다 히로카즈,"['송강호', '강동원', '배두나', '아이유', '이주영']",5.52
1,kang_dongwon,브로커,20206257,강동원,고레에다 히로카즈,"['송강호', '강동원', '배두나', '아이유', '이주영']",5.52
2,song_kangho,브로커,20206257,송강호,고레에다 히로카즈,"['송강호', '강동원', '배두나', '아이유', '이주영']",5.52
3,song_kangho,브로커,20206257,송강호,고레에다 히로카즈,"['송강호', '강동원', '배두나', '아이유', '이주영']",5.52
4,kang_dongwon,반도,20193450,강동원,연상호,"['강동원', '이정현']",5.63
5,kang_dongwon,인랑,20170942,강동원,김지운,"['강동원', '한효주', '정우성', '김무열']",3.87
6,jung_woosung,인랑,20170942,정우성,김지운,"['강동원', '한효주', '정우성', '김무열']",3.87
7,kang_dongwon,쓰나미 LA,20183082,강동원,스콧 만,"['강동원', '토마스 제인']",8.12
8,kang_dongwon,골든슬럼버,20168250,강동원,노동석,"['강동원', '김의성', '한효주', '김성균', '김대명']",5.15
9,kang_dongwon,1987,20170590,강동원,장준환,"['김윤석', '하정우', '유해진', '김태리', '박희순', '이희준']",9.23
10,kang_dongwon,1987,20170590,강동원,장준환,"['김윤석', '하정우', '유해진', '김태리', '박희순', '이희준']",9.23
11,kim_yunseok,1987,20170590,김윤석,장준환,"['김윤석', '하정우', '유해진', '김태리', '박희순', '이희준']",9.23
12,kim_yunseok,1987,20170590,김윤석,장준환,"['김윤석', '하정우', '유해진', '김태리', '박희순', '이희준']",9.23
13,kim_taeri,1987,20170590,김태리,장준환,"['김윤석', '하정우', '유해진', '김태리', '박희순', '이희준']",9.23
14,kim_taeri,1987,20170590,김태리,장준환,"['김윤석', '하정우', '유해진', '김태리', '박희순', '이희준']",9.23
15,moon_sori,1987,20170590,문소리,장준환,"['김윤석', '하정우', '유해진', '김태리', '박희순', '이희준']",9.23
16,moon_sori,1987,20170590,문소리,장준환,"['김윤석', '하정우', '유해진', '김태리', '박희순', '이희준']",9.23
17,yoo_haejin,1987,20170590,유해진,장준환,"['김윤석', '하정우', '유해진', '김태리', '박희순', '이희준']",9.23
18,yoo_haejin,1987,20170590,유해진,장준환,"['김윤석', '하정우', '유해진', '김태리', '박희순', '이희준']",9.23
19,ha_jungwoo,1987,20170590,하정우,장준환,"['김윤석', '하정우', '유해진', '김태리', '박희순', '이희준']",9.23
20,ha_jungwoo,1987,20170590,하정우,장준환,"['김윤석', '하정우', '유해진', '김태리', '박희순', '이희준']",9.23
21,kang_dongwon,가려진 시간,20154905,강동원,엄태화,"['강동원', '신은수', '이효제']",8.59
22,kang_dongwon,검사외전,20145507,강동원,이일형,"['황정민', '강동원']",7.94
23,kang_dongwon,검사외전,20145507,강동원,이일형,"['황정민', '강동원']",7.94
24,hwang_jeongmin,검사외전,20145507,황정민,이일형,"['황정민', '강동원']",7.94
25,hwang_jeongmin,검사외전,20145507,황정민,이일형,"['황정민', '강동원']",7.94
26,kang_dongwon,검은 사제들,20145503,강동원,장재현,"['김윤석', '강동원']",8.32
27,kim_yunseok,검은 사제들,20145503,김윤석,장재현,"['김윤석', '강동원']",8.32
28,park_sodam,검은 사제들,20145503,박소담,장재현,"['김윤석', '강동원']",8.32
29,kang_dongwon,두근두근 내 인생,20134594,강동원,이재용,"['강동원', '송혜교', '조성목']",7.09
30,kang_dongwon,두근두근 내 인생,20134594,강동원,이재용,"['강동원', '송혜교', '조성목']",7.09
31,song_hyekyo,두근두근 내 인생,20134594,송혜교,이재용,"['강동원', '송혜교', '조성목']",7.09
32,song_hyekyo,두근두근 내 인생,20134594,송혜교,이재용,"['강동원', '송혜교', '조성목']",7.09
33,kang_dongwon,초능력자,20101010,강동원,김민석,"['강동원', '고수', '정은채']",6.71
34,kang_dongwon,의형제,20090904,강동원,장훈,"['송강호', '강동원']",8.87
35,kang_dongwon,의형제,20090904,강동원,장훈,"['송강호', '강동원']",8.87
36,song_kangho,의형제,20090904,송강호,장훈,"['송강호', '강동원']",8.87
37,song_kangho,의형제,20090904,송강호,장훈,"['송강호', '강동원']",8.87
38,kang_dongwon,전우치,20090077,강동원,최동훈,"['강동원', '김윤석', '임수정', '유해진']",8.21
39,kang_dongwon,전우치,20090077,강동원,최동훈,"['강동원', '김윤석', '임수정', '유해진']",8.21
40,kim_yunseok,전우치,20090077,김윤석,최동훈,"['강동원', '김윤석', '임수정', '유해진']",8.21
41,kim_yunseok,전우치,20090077,김윤석,최동훈,"['강동원', '김윤석', '임수정', '유해진']",8.21
42,yoo_haejin,전우치,20090077,유해진,최동훈,"['강동원', '김윤석', '임수정', '유해진']",8.21
43,yoo_haejin,전우치,20090077,유해진,최동훈,"['강동원', '김윤석', '임수정', '유해진']",8.21
44,kang_dongwon,그놈 목소리,20070015,강동원,박진표,"['설경구', '김남주']",7.47
45,kang_dongwon,우리들의 행복한 시간,20060244,강동원,송해성,"['강동원', '이나영']",8.7
46,yoon_yeojeong,우리들의 행복한 시간,20060244,윤여정,송해성,"['강동원', '이나영']",8.7
47,kang_dongwon,형사 Duelist,20050216,강동원,이명세,"['하지원', '강동원', '안성기']",5.88
48,kang_dongwon,늑대의 유혹,20040576,강동원,김태균,"['조한선', '강동원', '이청아']",7.73
49,kang_dongwon,그녀를 믿지 마세요,20040446,강동원,배형준,"['김하늘', '강동원']",8.9
50,kang_dongwon,더 엑스,20133082,강동원,김지운,"['강동원', '신민아', '이솜']",9.31
51,e_som,더 엑스,20133082,이솜,김지운,"['강동원', '신민아', '이솜']",9.31
52,kang_hyejeong,루시드 드림,20156562,강혜정,김준성,"['고수', '설경구']",5.9
53,kang_hyejeong,개를 훔치는 완벽한 방법,20130574,강혜정,김성호,"['이레', '이지원', '홍은택', '김혜자', '최민수', '강혜정', '이천희', '개리']",9.03
54,kang_hyejeong,우리 집에 왜 왔니,20090193,강혜정,황수아,"['박희순', '강혜정']",8.33
55,kang_hyejeong,허브,20060412,강혜정,허인무,"['강혜정', '배종옥', '정경호']",8.7
56,chun_woohee,허브,20060412,천우희,허인무,"['강혜정', '배종옥', '정경호']",8.7
57,kang_hyejeong,도마뱀,20060085,강혜정,강지은,"['강혜정', '조승우']",7.14
58,kang_hyejeong,도마뱀,20060085,강혜정,강지은,"['강혜정', '조승우']",7.14
59,cho_seungwoo,도마뱀,20060085,조승우,강지은,"['강혜정', '조승우']",7.14
60,cho_seungwoo,도마뱀,20060085,조승우,강지은,"['강혜정', '조승우']",7.14
61,kang_hyejeong,보이지 않는 물결,20060110,강혜정,펜엑 라타나루앙,"['아사노 타다노부', '강혜정']",5.91
62,kang_hyejeong,웰컴 투 동막골,20050180,강혜정,배종,"['정재영', '신하균', '강혜정']",8.89
63,kang_hyejeong,웰컴 투 동막골,20050180,강혜정,배종,"['정재영', '신하균', '강혜정']",8.89
64,shin_hakyun,웰컴 투 동막골,20050180,신하균,배종,"['정재영', '신하균', '강혜정']",8.89
65,shin_hakyun,웰컴 투 동막골,20050180,신하균,배종,"['정재영', '신하균', '강혜정']",8.89
66,kang_hyejeong,연애의 목적,20050110,강혜정,한재림,"['박해일', '강혜정']",8.13
67,kang_hyejeong,올드보이,20030350,강혜정,박찬욱,"['최민식', '유지태', '강혜정']",9.04
68,choi_minsik,올드보이,20030350,최민식,박찬욱,"['최민식', '유지태', '강혜정']",9.04
69,go_ahseong,삼진그룹 영어토익반,20197121,고아성,이종필,"['고아성', '이솜', '박혜수']",8.26
70,go_ahseong,삼진그룹 영어토익반,20197121,고아성,이종필,"['고아성', '이솜', '박혜수']",8.26
71,e_som,삼진그룹 영어토익반,20197121,이솜,이종필,"['고아성', '이솜', '박혜수']",8.26
72,e_som,삼진그룹 영어토익반,20197121,이솜,이종필,"['고아성', '이솜', '박혜수']",8.26
73,go_ahseong,항거:유관순 이야기,20196601,고아성,조민호,"['고아성', '김새벽', '김예은', '정하담', '류경수']",8.66
74,go_ahseong,오빠생각,20158483,고아성,이한,"['임시완', '고아성']",8.52
75,go_ahseong,지금은맞고그때는틀리다,20151782,고아성,홍상수,"['정재영', '김민희']",6.45
76,yoon_yeojeong,지금은맞고그때는틀리다,20151782,윤여정,홍상수,"['정재영', '김민희']",6.45
77,go_ahseong,뷰티 인사이드,20143572,고아성,백종열,"['한효주', '김대명', '도지한', '배성우', '박신혜', '이범수', '박서준', '김상호', '천우희', '우에노 주리', '이재준', '김민재', '이현우', '조달환', '이진욱', '홍다미', '서강준', '김희원', '이동욱', '고아성', '김주혁', '유연석']",7.79
78,go_ahseong,뷰티 인사이드,20143572,고아성,백종열,"['한효주', '김대명', '도지한', '배성우', '박신혜', '이범수', '박서준', '김상호', '천우희', '우에노 주리', '이재준', '김민재', '이현우', '조달환', '이진욱', '홍다미', '서강준', '김희원', '이동욱', '고아성', '김주혁', '유연석']",7.79
79,chun_woohee,뷰티 인사이드,20143572,천우희,백종열,"['한효주', '김대명', '도지한', '배성우', '박신혜', '이범수', '박서준', '김상호', '천우희', '우에노 주리', '이재준', '김민재', '이현우', '조달환', '이진욱', '홍다미', '서강준', '김희원', '이동욱', '고아성', '김주혁', '유연석']",7.79
80,chun_woohee,뷰티 인사이드,20143572,천우희,백종열,"['한효주', '김대명', '도지한', '배성우', '박신혜', '이범수', '박서준', '김상호', '천우희', '우에노 주리', '이재준', '김민재', '이현우', '조달환', '이진욱', '홍다미', '서강준', '김희원', '이동욱', '고아성', '김주혁', '유연석']",7.79
81,go_ahseong,오피스,20143511,고아성,홍원찬,"['고아성', '박성웅']",6.37
82,go_ahseong,우아한 거짓말,20138226,고아성,이한,"['김희애', '고아성', '김유정', '김향기']",8.41
83,go_ahseong,우아한 거짓말,20138226,고아성,이한,"['김희애', '고아성', '김유정', '김향기']",8.41
84,chun_woohee,우아한 거짓말,20138226,천우희,이한,"['김희애', '고아성', '김유정', '김향기']",8.41
85,chun_woohee,우아한 거짓말,20138226,천우희,이한,"['김희애', '고아성', '김유정', '김향기']",8.41
86,go_ahseong,설국열차,20126674,고아성,봉준호,"['크리스 에반스', '송강호', '에드 해리스', '존 허트', '틸다 스윈튼', '제이미 벨', '옥타비아 스펜서', '이완 브렘너', '알리슨 필', '고아성']",7.98
87,go_ahseong,설국열차,20126674,고아성,봉준호,"['크리스 에반스', '송강호', '에드 해리스', '존 허트', '틸다 스윈튼', '제이미 벨', '옥타비아 스펜서', '이완 브렘너', '알리슨 필', '고아성']",7.98
88,song_kangho,설국열차,20126674,송강호,봉준호,"['크리스 에반스', '송강호', '에드 해리스', '존 허트', '틸다 스윈튼', '제이미 벨', '옥타비아 스펜서', '이완 브렘너', '알리슨 필', '고아성']",7.98
89,song_kangho,설국열차,20126674,송강호,봉준호,"['크리스 에반스', '송강호', '에드 해리스', '존 허트', '틸다 스윈튼', '제이미 벨', '옥타비아 스펜서', '이완 브렘너', '알리슨 필', '고아성']",7.98
90,go_ahseong,결혼식 후에,20090804,고아성,김윤철,"['신성우', '예지원', '배수빈', '김보경', '이해영', '서유정', '윤희석', '차수연', '고아성']",6.63
91,go_ahseong,괴물,20060151,고아성,봉준호,"['송강호', '변희봉', '박해일', '배두나', '고아성']",8.63
92,song_kangho,괴물,20060151,송강호,봉준호,"['송강호', '변희봉', '박해일', '배두나', '고아성']",8.63
93,kim_yunseok,모가디슈,20204117,김윤석,류승완,"['김윤석', '조인성', '허준호', '구교환', '김소진', '정만식']",8.34
94,kim_yunseok,모가디슈,20204117,김윤석,류승완,"['김윤석', '조인성', '허준호', '구교환', '김소진', '정만식']",8.34
95,jo_inseong,모가디슈,20204117,조인성,류승완,"['김윤석', '조인성', '허준호', '구교환', '김소진', '정만식']",8.34
96,jo_inseong,모가디슈,20204117,조인성,류승완,"['김윤석', '조인성', '허준호', '구교환', '김소진', '정만식']",8.34
97,kim_yunseok,노량: 죽음의 바다,20203702,김윤석,김한민,"['김윤석', '백윤식', '정재영', '허준호']",0.0
98,kim_yunseok,바이러스(가제),20194912,김윤석,강이관,"['김윤석', '배두나']",10.0
99,son_seokgu,바이러스(가제),20194912,손석구,강이관,"['김윤석', '배두나']",10.0
100,kim_yunseok,미성년,20180825,김윤석,김윤석,"['염정아', '김소진', '김혜준', '박세진', '김윤석']",8.36
101,kim_yunseok,미성년,20180825,김윤석,김윤석,"['염정아', '김소진', '김혜준', '박세진', '김윤석']",8.36
102,kim_yunseok,미성년,20180825,김윤석,김윤석,"['염정아', '김소진', '김혜준', '박세진', '김윤석']",8.36
103,kim_yunseok,암수살인,20179189,김윤석,김태균,"['김윤석', '주지훈']",8.33
104,kim_yunseok,남한산성,20165450,김윤석,황동혁,"['이병헌', '김윤석', '박해일', '고수', '박희순']",8.11
105,kim_yunseok,남한산성,20165450,김윤석,황동혁,"['이병헌', '김윤석', '박해일', '고수', '박희순']",8.11
106,lee_byunghun,남한산성,20165450,이병헌,황동혁,"['이병헌', '김윤석', '박해일', '고수', '박희순']",8.11
107,lee_byunghun,남한산성,20165450,이병헌,황동혁,"['이병헌', '김윤석', '박해일', '고수', '박희순']",8.11
108,kim_yunseok,"당신, 거기 있어줄래요",20152371,김윤석,홍지영,"['김윤석', '변요한', '채서진']",8.73
109,kim_yunseok,극비수사,20148855,김윤석,곽경택,"['김윤석', '유해진']",8.09
110,kim_yunseok,극비수사,20148855,김윤석,곽경택,"['김윤석', '유해진']",8.09
111,yoo_haejin,극비수사,20148855,유해진,곽경택,"['김윤석', '유해진']",8.09
112,yoo_haejin,극비수사,20148855,유해진,곽경택,"['김윤석', '유해진']",8.09
113,kim_yunseok,쎄시봉,20148188,김윤석,김현석,"['정우', '김윤석', '한효주', '김희애', '진구', '장현성', '강하늘', '조복래']",6.18
114,kim_yunseok,쎄시봉,20148188,김윤석,김현석,"['정우', '김윤석', '한효주', '김희애', '진구', '장현성', '강하늘', '조복래']",6.18
115,park_sodam,쎄시봉,20148188,박소담,김현석,"['정우', '김윤석', '한효주', '김희애', '진구', '장현성', '강하늘', '조복래']",6.18
116,park_sodam,쎄시봉,20148188,박소담,김현석,"['정우', '김윤석', '한효주', '김희애', '진구', '장현성', '강하늘', '조복래']",6.18
117,kim_yunseok,타짜-신의 손,20134804,김윤석,강형철,"['T.O.P', '신세경', '곽도원', '이하늬']",7.25
118,yoo_haejin,타짜-신의 손,20134804,유해진,강형철,"['T.O.P', '신세경', '곽도원', '이하늬']",7.25
119,chun_woohee,타짜-신의 손,20134804,천우희,강형철,"['T.O.P', '신세경', '곽도원', '이하늬']",7.25
120,kim_yunseok,남쪽으로 튀어,20125990,김윤석,임순례,"['김윤석', '오연수', '한예리', '백승환', '박사랑']",7.81
121,kim_yunseok,남쪽으로 튀어,20125990,김윤석,임순례,"['김윤석', '오연수', '한예리', '백승환', '박사랑']",7.81
122,kim_yunseok,도둑들,20124034,김윤석,최동훈,"['김윤석', '김혜수', '이정재', '전지현', '임달화', '김해숙', '오달수', '김수현', '이신제', '증국상']",7.65
123,kim_hyesoo,도둑들,20124034,김혜수,최동훈,"['김윤석', '김혜수', '이정재', '전지현', '임달화', '김해숙', '오달수', '김수현', '이신제', '증국상']",7.65
124,lee_jungjae,도둑들,20124034,이정재,최동훈,"['김윤석', '김혜수', '이정재', '전지현', '임달화', '김해숙', '오달수', '김수현', '이신제', '증국상']",7.65
125,jeon_jihyun,도둑들,20124034,전지현,최동훈,"['김윤석', '김혜수', '이정재', '전지현', '임달화', '김해숙', '오달수', '김수현', '이신제', '증국상']",7.65
126,kim_yunseok,완득이,20112695,김윤석,이한,"['김윤석', '유아인']",8.8
127,kim_yunseok,황해,20101222,김윤석,나홍진,"['하정우', '김윤석', '조성하']",7.94
128,kim_yunseok,황해,20101222,김윤석,나홍진,"['하정우', '김윤석', '조성하']",7.94
129,ha_jungwoo,황해,20101222,하정우,나홍진,"['하정우', '김윤석', '조성하']",7.94
130,ha_jungwoo,황해,20101222,하정우,나홍진,"['하정우', '김윤석', '조성하']",7.94
131,kim_yunseok,거북이 달린다,20090297,김윤석,이연우,"['김윤석', '정경호', '견미리', '선우선']",8.43
132,kim_yunseok,추격자,20080046,김윤석,나홍진,"['김윤석', '하정우']",9.09
133,ha_jungwoo,추격자,20080046,하정우,나홍진,"['김윤석', '하정우']",9.09
134,kim_yunseok,즐거운 인생,20070380,김윤석,이준익,"['정진영', '김윤석', '김상호', '장근석']",9.14
135,kim_yunseok,타짜,20060277,김윤석,최동훈,"['조승우', '김혜수', '백윤식', '유해진']",9.2
136,kim_yunseok,타짜,20060277,김윤석,최동훈,"['조승우', '김혜수', '백윤식', '유해진']",9.2
137,kim_hyesoo,타짜,20060277,김혜수,최동훈,"['조승우', '김혜수', '백윤식', '유해진']",9.2
138,kim_hyesoo,타짜,20060277,김혜수,최동훈,"['조승우', '김혜수', '백윤식', '유해진']",9.2
139,yoo_haejin,타짜,20060277,유해진,최동훈,"['조승우', '김혜수', '백윤식', '유해진']",9.2
140,yoo_haejin,타짜,20060277,유해진,최동훈,"['조승우', '김혜수', '백윤식', '유해진']",9.2
141,cho_seungwoo,타짜,20060277,조승우,최동훈,"['조승우', '김혜수', '백윤식', '유해진']",9.2
142,cho_seungwoo,타짜,20060277,조승우,최동훈,"['조승우', '김혜수', '백윤식', '유해진']",9.2
143,kim_yunseok,천하장사 마돈나,20060222,김윤석,이해영,['류덕환'],8.15
144,kim_yunseok,야수,20050345,김윤석,김성수,"['권상우', '유지태']",7.61
145,kim_yunseok,파랑주의보,20050332,김윤석,전윤수,"['차태현', '송혜교']",5.8
146,song_hyekyo,파랑주의보,20050332,송혜교,전윤수,"['차태현', '송혜교']",5.8
147,kim_yunseok,내 생애 가장 아름다운 일주일,20050232,김윤석,민규동,"['주현', '오미희', '천호진', '진태현', '엄정화', '황정민', '김수로', '전혜진', '임창정', '서영희', '윤진서', '정경호', '이병준', '김유정']",8.67
148,kim_yunseok,내 생애 가장 아름다운 일주일,20050232,김윤석,민규동,"['주현', '오미희', '천호진', '진태현', '엄정화', '황정민', '김수로', '전혜진', '임창정', '서영희', '윤진서', '정경호', '이병준', '김유정']",8.67
149,hwang_jeongmin,내 생애 가장 아름다운 일주일,20050232,황정민,민규동,"['주현', '오미희', '천호진', '진태현', '엄정화', '황정민', '김수로', '전혜진', '임창정', '서영희', '윤진서', '정경호', '이병준', '김유정']",8.67
150,hwang_jeongmin,내 생애 가장 아름다운 일주일,20050232,황정민,민규동,"['주현', '오미희', '천호진', '진태현', '엄정화', '황정민', '김수로', '전혜진', '임창정', '서영희', '윤진서', '정경호', '이병준', '김유정']",8.67
151,kim_yunseok,시실리 2km,20040617,김윤석,신정원,"['임창정', '권오중', '임은경', '변희봉']",8.1
152,kim_yunseok,범죄의 재구성,20040487,김윤석,최동훈,"['박신양', '백윤식', '염정아', '이문식']",8.8
153,kim_yunseok,베사메무쵸,20010022,김윤석,전윤수,"['이미숙', '전광렬']",7.08
154,kim_taeri,외계+인 1부,20208446,김태리,최동훈,"['김태리', '류준열', '김우빈', '소지섭', '염정아', '조우진', '김의성']",7.3
155,kim_taeri,승리호,20192662,김태리,조성희,"['송중기', '김태리', '진선규', '유해진']",7.0
156,kim_taeri,승리호,20192662,김태리,조성희,"['송중기', '김태리', '진선규', '유해진']",7.0
157,yoo_haejin,승리호,20192662,유해진,조성희,"['송중기', '김태리', '진선규', '유해진']",7.0
158,yoo_haejin,승리호,20192662,유해진,조성희,"['송중기', '김태리', '진선규', '유해진']",7.0
159,kim_taeri,리틀 포레스트,20170841,김태리,임순례,"['김태리', '류준열', '문소리', '진기주']",8.84
160,moon_sori,리틀 포레스트,20170841,문소리,임순례,"['김태리', '류준열', '문소리', '진기주']",8.84
161,kim_taeri,아가씨,20144444,김태리,박찬욱,"['김민희', '김태리', '하정우', '조진웅']",7.15
162,moon_sori,아가씨,20144444,문소리,박찬욱,"['김민희', '김태리', '하정우', '조진웅']",7.15
163,ha_jungwoo,아가씨,20144444,하정우,박찬욱,"['김민희', '김태리', '하정우', '조진웅']",7.15
164,kim_taeri,문영,20160881,김태리,김소연,"['김태리', '정현']",8.48
165,kim_hyesoo,밀수,20218541,김혜수,류승완,"['김혜수', '염정아', '조인성', '박정민', '고민시', '김종수']",0.0
166,kim_hyesoo,밀수,20218541,김혜수,류승완,"['김혜수', '염정아', '조인성', '박정민', '고민시', '김종수']",0.0
167,jo_inseong,밀수,20218541,조인성,류승완,"['김혜수', '염정아', '조인성', '박정민', '고민시', '김종수']",0.0
168,jo_inseong,밀수,20218541,조인성,류승완,"['김혜수', '염정아', '조인성', '박정민', '고민시', '김종수']",0.0
169,kim_hyesoo,내가 죽던 날,20190582,김혜수,박지완,"['김혜수', '이정은', '노정의']",7.99
170,kim_hyesoo,국가부도의 날,20177552,김혜수,최국희,"['김혜수', '유아인', '허준호', '조우진', '뱅상 카셀']",8.12
171,kim_hyesoo,미옥,20161681,김혜수,이안규,"['김혜수', '이선균']",4.97
172,kim_hyesoo,굿바이 싱글,20150972,김혜수,김태곤,"['김혜수', '마동석', '김현수']",8.1
173,kim_hyesoo,차이나타운,20149266,김혜수,한준희,"['김혜수', '김고은', '엄태구']",6.96
174,kim_hyesoo,관상,20126091,김혜수,한재림,"['송강호', '이정재', '백윤식', '조정석', '이종석', '김혜수']",8.02
175,kim_hyesoo,관상,20126091,김혜수,한재림,"['송강호', '이정재', '백윤식', '조정석', '이종석', '김혜수']",8.02
176,song_kangho,관상,20126091,송강호,한재림,"['송강호', '이정재', '백윤식', '조정석', '이종석', '김혜수']",8.02
177,song_kangho,관상,20126091,송강호,한재림,"['송강호', '이정재', '백윤식', '조정석', '이종석', '김혜수']",8.02
178,lee_jungjae,관상,20126091,이정재,한재림,"['송강호', '이정재', '백윤식', '조정석', '이종석', '김혜수']",8.02
179,lee_jungjae,관상,20126091,이정재,한재림,"['송강호', '이정재', '백윤식', '조정석', '이종석', '김혜수']",8.02
180,kim_hyesoo,이층의 악당,20101113,김혜수,손재곤,"['한석규', '김혜수']",8.08
181,kim_hyesoo,열한번째 엄마,20070545,김혜수,김진성,"['김혜수', '김영찬']",8.07
182,kim_hyesoo,좋지 아니한가,20070042,김혜수,정윤철,"['천호진', '문희경', '김혜수', '유아인', '황보라']",7.72
183,kim_hyesoo,분홍신,20050135,김혜수,김용균,"['김혜수', '김성수']",5.55
184,kim_hyesoo,얼굴 없는 미녀,20040625,김혜수,김인식,"['김혜수', '김태우']",6.01
185,kim_hyesoo,쓰리,20020228,김혜수,논지 니미부트르,"['김혜수', '정보석', '콤그리치 유티용', '수위니트 판자마와트', '퐁사나트 빈시리', '여명', '증지위', '원려기']",7.13
186,kim_hyesoo,신라의 달밤,20010027,김혜수,김상진,"['이성재', '차승원', '김혜수']",7.67
187,yoo_haejin,신라의 달밤,20010027,유해진,김상진,"['이성재', '차승원', '김혜수']",7.67
188,kim_hyesoo,닥터 K,19980004,김혜수,곽경택,"['차인표', '김혜수', '김하늘', '유인촌']",5.75
189,kim_hyesoo,투 타이어드 투 다이,19980014,김혜수,진원석,"['김혜수', '금성무', '미라 소르비노']",5.78
190,kim_hyesoo,찜,19980034,김혜수,한지승,"['김혜수', '안재욱']",7.06
191,kim_hyesoo,미스터 콘돔,19970055,김혜수,양윤호,"['김혜수', '김호진']",3.39
192,kim_hyesoo,닥터 봉,19950026,김혜수,이광훈,"['한석규', '김혜수']",6.9
193,kim_hyesoo,남자는 괴로워,19950040,김혜수,이명세,"['안성기', '박상민', '김혜수']",7.93
194,kim_hyesoo,영원한 제국,19950037,김혜수,박종원,"['안성기', '조재현', '김혜수', '김명곤', '최종원']",7.38
195,kim_hyesoo,블루 시걸,19940016,김혜수,오중일,"['최민수', '김혜수']",2.24
196,kim_hyesoo,잃어버린 너,19910104,김혜수,원정수,"['김혜수', '강석우', '이경영']",7.77
197,kim_hyesoo,그 마지막 겨울,19880007,김혜수,정소영,"['김혜수', '이영하', '최민수']",10.0
198,kim_hyesoo,수렁에서 건진 내 딸 2,19860043,김혜수,김호선,"['김혜수', '남궁원', '민규', '김윤경', '이희성']",10.0
199,kim_hyesoo,깜보,19860014,김혜수,이황림,"['장두이', '박중훈', '김혜수']",8.81
200,moon_sori,세자매,20209926,문소리,이승원,"['문소리', '김선영', '장윤주']",8.67
201,moon_sori,세자매,20209926,문소리,이승원,"['문소리', '김선영', '장윤주']",8.67
202,moon_sori,인간증명,20201832,문소리,김의석,"['문소리', '장유상', '류아벨', '박종환']",0.0
203,moon_sori,배심원들,20187981,문소리,홍승완,"['문소리', '박형식']",8.91
204,moon_sori,메기,20181168,문소리,이옥섭,"['이주영', '문소리', '구교환', '천우희']",8.18
205,chun_woohee,메기,20181168,천우희,이옥섭,"['이주영', '문소리', '구교환', '천우희']",8.18
206,moon_sori,군산: 거위를 노래하다,20181086,문소리,장률,"['박해일', '문소리', '정진영', '박소담']",6.8
207,park_sodam,군산: 거위를 노래하다,20181086,박소담,장률,"['박해일', '문소리', '정진영', '박소담']",6.8
208,moon_sori,여배우는 오늘도,20172642,문소리,문소리,['문소리'],8.86
209,moon_sori,여배우는 오늘도,20172642,문소리,문소리,['문소리'],8.86
210,moon_sori,여배우는 오늘도,20172642,문소리,문소리,['문소리'],8.86
211,moon_sori,여배우는 오늘도,20172642,문소리,문소리,['문소리'],8.86
212,moon_sori,여배우는 오늘도,20172642,문소리,문소리,['문소리'],8.86
213,moon_sori,여배우는 오늘도,20158801,문소리,문소리,['문소리'],8.86
214,moon_sori,특별시민,20162871,문소리,박인제,"['최민식', '곽도원', '심은경', '문소리', '라미란', '류혜영', '이기홍']",7.38
215,moon_sori,특별시민,20162871,문소리,박인제,"['최민식', '곽도원', '심은경', '문소리', '라미란', '류혜영', '이기홍']",7.38
216,choi_minsik,특별시민,20162871,최민식,박인제,"['최민식', '곽도원', '심은경', '문소리', '라미란', '류혜영', '이기홍']",7.38
217,choi_minsik,특별시민,20162871,최민식,박인제,"['최민식', '곽도원', '심은경', '문소리', '라미란', '류혜영', '이기홍']",7.38
218,moon_sori,필름시대사랑,20152064,문소리,장률,"['박해일', '안성기', '문소리', '한예리']",5.24
219,moon_sori,자유의 언덕,20148840,문소리,홍상수,"['카세 료', '문소리', '서영화']",7.65
220,moon_sori,자유의 언덕,20148840,문소리,홍상수,"['카세 료', '문소리', '서영화']",7.65
221,yoon_yeojeong,자유의 언덕,20148840,윤여정,홍상수,"['카세 료', '문소리', '서영화']",7.65
222,yoon_yeojeong,자유의 언덕,20148840,윤여정,홍상수,"['카세 료', '문소리', '서영화']",7.65
223,moon_sori,만신,20123662,문소리,박찬경,"['김새론', '류현경', '문소리', '김금화']",8.06
224,moon_sori,관능의 법칙,20130561,문소리,권칠인,"['엄정화', '문소리', '조민수']",7.66
225,moon_sori,분노의 윤리학,20128747,문소리,박명랑,"['이제훈', '조진웅', '김태훈', '곽도원', '문소리']",6.8
226,moon_sori,분노의 윤리학,20128747,문소리,박명랑,"['이제훈', '조진웅', '김태훈', '곽도원', '문소리']",6.8
227,lee_jehoon,분노의 윤리학,20128747,이제훈,박명랑,"['이제훈', '조진웅', '김태훈', '곽도원', '문소리']",6.8
228,lee_jehoon,분노의 윤리학,20128747,이제훈,박명랑,"['이제훈', '조진웅', '김태훈', '곽도원', '문소리']",6.8
229,moon_sori,마당을 나온 암탉,20110279,문소리,오성윤,"['문소리', '유승호', '최민식', '박철민', '김상현']",8.88
230,choi_minsik,마당을 나온 암탉,20110279,최민식,오성윤,"['문소리', '유승호', '최민식', '박철민', '김상현']",8.88
231,moon_sori,하녀,20100188,문소리,임상수,"['전도연', '이정재', '윤여정', '서우']",5.72
232,yoon_yeojeong,하녀,20100188,윤여정,임상수,"['전도연', '이정재', '윤여정', '서우']",5.72
233,lee_jungjae,하녀,20100188,이정재,임상수,"['전도연', '이정재', '윤여정', '서우']",5.72
234,jeon_doyeon,하녀,20100188,전도연,임상수,"['전도연', '이정재', '윤여정', '서우']",5.72
235,moon_sori,하하하,20100202,문소리,홍상수,"['김상경', '유준상', '문소리', '예지원', '김강우', '윤여정', '김규리', '기주봉', '김영호']",8.06
236,yoon_yeojeong,하하하,20100202,윤여정,홍상수,"['김상경', '유준상', '문소리', '예지원', '김강우', '윤여정', '김규리', '기주봉', '김영호']",8.06
237,moon_sori,우리 생애 최고의 순간,20070382,문소리,임순례,"['문소리', '김정은', '엄태웅', '김지영', '조은지', '차민지']",8.57
238,moon_sori,우리 생애 최고의 순간,20070382,문소리,임순례,"['문소리', '김정은', '엄태웅', '김지영', '조은지', '차민지']",8.57
239,ha_jungwoo,우리 생애 최고의 순간,20070382,하정우,임순례,"['문소리', '김정은', '엄태웅', '김지영', '조은지', '차민지']",8.57
240,ha_jungwoo,우리 생애 최고의 순간,20070382,하정우,임순례,"['문소리', '김정은', '엄태웅', '김지영', '조은지', '차민지']",8.57
241,moon_sori,태왕사신기,20078683,문소리,김종학,"['배용준', '문소리', '이지아']",7.91
242,moon_sori,가족의 탄생,20060123,문소리,김태용,"['문소리', '고두심', '엄태웅', '공효진', '김혜옥', '봉태규', '정유미']",8.58
243,moon_sori,여교수의 은밀한 매력,20050344,문소리,이하,"['문소리', '지진희']",3.08
244,moon_sori,"사랑해, 말순씨",20050276,문소리,박흥식,"['문소리', '이재응', '윤진서']",8.05
245,moon_sori,효자동 이발사,20040483,문소리,임찬상,"['송강호', '이재응', '문소리']",7.51
246,song_kangho,효자동 이발사,20040483,송강호,임찬상,"['송강호', '이재응', '문소리']",7.51
247,moon_sori,바람난 가족,20030108,문소리,임상수,"['문소리', '황정민', '윤여정', '김인문']",6.85
248,moon_sori,바람난 가족,20030108,문소리,임상수,"['문소리', '황정민', '윤여정', '김인문']",6.85
249,moon_sori,바람난 가족,20030108,문소리,임상수,"['문소리', '황정민', '윤여정', '김인문']",6.85
250,yoon_yeojeong,바람난 가족,20030108,윤여정,임상수,"['문소리', '황정민', '윤여정', '김인문']",6.85
251,yoon_yeojeong,바람난 가족,20030108,윤여정,임상수,"['문소리', '황정민', '윤여정', '김인문']",6.85
252,yoon_yeojeong,바람난 가족,20030108,윤여정,임상수,"['문소리', '황정민', '윤여정', '김인문']",6.85
253,hwang_jeongmin,바람난 가족,20030108,황정민,임상수,"['문소리', '황정민', '윤여정', '김인문']",6.85
254,hwang_jeongmin,바람난 가족,20030108,황정민,임상수,"['문소리', '황정민', '윤여정', '김인문']",6.85
255,hwang_jeongmin,바람난 가족,20030108,황정민,임상수,"['문소리', '황정민', '윤여정', '김인문']",6.85
256,moon_sori,박하사탕,19990050,문소리,이창동,"['설경구', '문소리', '김여진']",9.01
257,moon_sori,동행,20157218,문소리,장률,"['안성기', '문소리', '박해일', '한예리']",9.0
258,moon_sori,최고의 감독,20155468,문소리,문소리,['문소리'],8.57
259,moon_sori,사랑의 힘,20149420,문소리,김지운,"['송강호', '문소리']",7.43
260,song_kangho,사랑의 힘,20149420,송강호,김지운,"['송강호', '문소리']",7.43
261,park_sodam,기생충,20183782,박소담,봉준호,"['송강호', '이선균', '조여정', '최우식', '박소담', '이정은', '장혜진']",8.49
262,park_sodam,기생충,20183782,박소담,봉준호,"['송강호', '이선균', '조여정', '최우식', '박소담', '이정은', '장혜진']",8.49
263,song_kangho,기생충,20183782,송강호,봉준호,"['송강호', '이선균', '조여정', '최우식', '박소담', '이정은', '장혜진']",8.49
264,song_kangho,기생충,20183782,송강호,봉준호,"['송강호', '이선균', '조여정', '최우식', '박소담', '이정은', '장혜진']",8.49
265,park_sodam,언더독,20186324,박소담,오성윤,"['도경수', '박소담', '박철민']",9.34
266,park_sodam,설행_눈길을 걷다,20158822,박소담,김희정,"['김태훈', '박소담']",8.17
267,park_sodam,사도,20148846,박소담,이준익,"['송강호', '유아인', '문근영']",8.29
268,park_sodam,사도,20148846,박소담,이준익,"['송강호', '유아인', '문근영']",8.29
269,song_kangho,사도,20148846,송강호,이준익,"['송강호', '유아인', '문근영']",8.29
270,song_kangho,사도,20148846,송강호,이준익,"['송강호', '유아인', '문근영']",8.29
271,park_sodam,베테랑,20148048,박소담,류승완,"['황정민', '유아인', '유해진', '오달수']",9.01
272,yoo_haejin,베테랑,20148048,유해진,류승완,"['황정민', '유아인', '유해진', '오달수']",9.01
273,hwang_jeongmin,베테랑,20148048,황정민,류승완,"['황정민', '유아인', '유해진', '오달수']",9.01
274,park_sodam,경성학교: 사라진 소녀들,20141224,박소담,이해영,"['박보영', '엄지원', '박소담']",6.1
275,park_sodam,상의원,20147176,박소담,이원석,"['한석규', '고수', '박신혜', '유연석', '마동석']",7.85
276,park_sodam,마담 뺑덕,20136863,박소담,임필성,"['정우성', '이솜', '박소영']",6.63
277,son_seokgu,마담 뺑덕,20136863,손석구,임필성,"['정우성', '이솜', '박소영']",6.63
278,e_som,마담 뺑덕,20136863,이솜,임필성,"['정우성', '이솜', '박소영']",6.63
279,jung_woosung,마담 뺑덕,20136863,정우성,임필성,"['정우성', '이솜', '박소영']",6.63
280,son_seokgu,연애 빠진 로맨스,20205986,손석구,정가영,"['전종서', '손석구']",8.38
281,son_seokgu,연애 빠진 로맨스,20205986,손석구,정가영,"['전종서', '손석구']",8.38
282,jeon_jongseo,연애 빠진 로맨스,20205986,전종서,정가영,"['전종서', '손석구']",8.38
283,son_seokgu,뺑반,20180868,손석구,한준희,"['공효진', '류준열', '조정석', '손석구']",5.97
284,son_seokgu,블랙스톤,20156188,손석구,노경태,"['원태희', '백현주', '이해성', '손석구']",6.11
285,son_seokgu,결혼식,20194005,손석구,봉효민,"['손호준', '손석구', '조혜주']",0.0
286,son_yejin,협상,20177308,손예진,이종석,"['손예진', '현빈']",7.32
287,son_yejin,지금 만나러 갑니다,20170669,손예진,이장훈,"['소지섭', '손예진']",8.75
288,son_yejin,덕혜옹주,20150979,손예진,허진호,"['손예진', '박해일']",8.35
289,son_yejin,비밀은 없다,20140704,손예진,이경미,"['손예진', '김주혁']",6.78
290,son_yejin,나쁜놈은 죽는다,20156080,손예진,손호,"['손예진', '진백림', '신현준']",3.23
291,son_yejin,해적: 바다로 간 산적,20136064,손예진,이석훈,"['김남길', '손예진']",8.28
292,yoo_haejin,해적: 바다로 간 산적,20136064,유해진,이석훈,"['김남길', '손예진']",8.28
293,son_yejin,공범,20129606,손예진,국동석,"['손예진', '김갑수']",7.16
294,son_yejin,오싹한 연애,20113381,손예진,황인호,"['손예진', '이민기']",8.54
295,son_yejin,아내가 결혼했다,20081395,손예진,정윤수,"['손예진', '김주혁']",5.07
296,son_yejin,천년여우 여우비,20060408,손예진,이성강,"['손예진', '공형진', '류덕환']",8.57
297,son_yejin,작업의 정석,20050330,손예진,오기환,"['손예진', '송일국']",6.55
298,son_yejin,내 머리 속의 지우개,20040673,손예진,이재한,"['정우성', '손예진']",8.84
299,jung_woosung,내 머리 속의 지우개,20040673,정우성,이재한,"['정우성', '손예진']",8.84
300,son_yejin,연애소설,20020238,손예진,이한,"['차태현', '이은주', '손예진']",8.99
301,son_yejin,취화선,20020053,손예진,임권택,['최민식'],8.7
302,son_yejin,취화선,20020053,손예진,임권택,['최민식'],8.7
303,choi_minsik,취화선,20020053,최민식,임권택,['최민식'],8.7
304,choi_minsik,취화선,20020053,최민식,임권택,['최민식'],8.7
305,song_kangho,비상선언,20196410,송강호,한재림,"['송강호', '이병헌', '전도연', '김남길', '임시완', '김소진', '박해준']",10.0
306,song_kangho,비상선언,20196410,송강호,한재림,"['송강호', '이병헌', '전도연', '김남길', '임시완', '김소진', '박해준']",10.0
307,song_kangho,비상선언,20196410,송강호,한재림,"['송강호', '이병헌', '전도연', '김남길', '임시완', '김소진', '박해준']",10.0
308,lee_byunghun,비상선언,20196410,이병헌,한재림,"['송강호', '이병헌', '전도연', '김남길', '임시완', '김소진', '박해준']",10.0
309,lee_byunghun,비상선언,20196410,이병헌,한재림,"['송강호', '이병헌', '전도연', '김남길', '임시완', '김소진', '박해준']",10.0
310,lee_byunghun,비상선언,20196410,이병헌,한재림,"['송강호', '이병헌', '전도연', '김남길', '임시완', '김소진', '박해준']",10.0
311,jeon_doyeon,비상선언,20196410,전도연,한재림,"['송강호', '이병헌', '전도연', '김남길', '임시완', '김소진', '박해준']",10.0
312,jeon_doyeon,비상선언,20196410,전도연,한재림,"['송강호', '이병헌', '전도연', '김남길', '임시완', '김소진', '박해준']",10.0
313,jeon_doyeon,비상선언,20196410,전도연,한재림,"['송강호', '이병헌', '전도연', '김남길', '임시완', '김소진', '박해준']",10.0
314,song_kangho,거미집,20223896,송강호,김지운,"['송강호', '임수정', '오정세', '전여빈', '크리스탈']",0.0
315,song_kangho,1승,20212352,송강호,신연식,"['송강호', '박정민', '박명훈', '장윤주', '이민지']",0.0
316,song_kangho,나랏말싸미,20182490,송강호,조철현,"['송강호', '박해일', '전미선']",3.38
317,song_kangho,마약왕,20168773,송강호,우민호,"['송강호', '조정석', '배두나']",6.34
318,song_kangho,택시운전사,20162869,송강호,장훈,"['송강호', '토마스 크레취만', '유해진', '류준열']",9.03
319,song_kangho,택시운전사,20162869,송강호,장훈,"['송강호', '토마스 크레취만', '유해진', '류준열']",9.03
320,yoo_haejin,택시운전사,20162869,유해진,장훈,"['송강호', '토마스 크레취만', '유해진', '류준열']",9.03
321,yoo_haejin,택시운전사,20162869,유해진,장훈,"['송강호', '토마스 크레취만', '유해진', '류준열']",9.03
322,song_kangho,제5열,20163685,송강호,,"['송강호', '류승룡', '정우']",9.27
323,song_kangho,밀정,20159646,송강호,김지운,"['송강호', '공유']",8.44
324,song_kangho,밀정,20159646,송강호,김지운,"['송강호', '공유']",8.44
325,lee_byunghun,밀정,20159646,이병헌,김지운,"['송강호', '공유']",8.44
326,lee_byunghun,밀정,20159646,이병헌,김지운,"['송강호', '공유']",8.44
327,song_kangho,변호인,20134803,송강호,양우석,"['송강호', '김영애', '오달수', '곽도원', '임시완']",9.0
328,song_kangho,하울링,20110249,송강호,유하,"['송강호', '이나영']",6.77
329,song_kangho,푸른소금,20110301,송강호,이현승,"['송강호', '신세경']",7.07
330,song_kangho,푸른소금,20110301,송강호,이현승,"['송강호', '신세경']",7.07
331,song_kangho,푸른소금,20110301,송강호,이현승,"['송강호', '신세경']",7.07
332,yoon_yeojeong,푸른소금,20110301,윤여정,이현승,"['송강호', '신세경']",7.07
333,yoon_yeojeong,푸른소금,20110301,윤여정,이현승,"['송강호', '신세경']",7.07
334,yoon_yeojeong,푸른소금,20110301,윤여정,이현승,"['송강호', '신세경']",7.07
335,e_som,푸른소금,20110301,이솜,이현승,"['송강호', '신세경']",7.07
336,e_som,푸른소금,20110301,이솜,이현승,"['송강호', '신세경']",7.07
337,e_som,푸른소금,20110301,이솜,이현승,"['송강호', '신세경']",7.07
338,song_kangho,박쥐,20081003,송강호,박찬욱,"['송강호', '김옥빈']",6.33
339,song_kangho,박쥐,20081003,송강호,박찬욱,"['송강호', '김옥빈']",6.33
340,shin_hakyun,박쥐,20081003,신하균,박찬욱,"['송강호', '김옥빈']",6.33
341,shin_hakyun,박쥐,20081003,신하균,박찬욱,"['송강호', '김옥빈']",6.33
342,song_kangho,밀양,20070115,송강호,이창동,"['전도연', '송강호']",7.95
343,song_kangho,밀양,20070115,송강호,이창동,"['전도연', '송강호']",7.95
344,jeon_doyeon,밀양,20070115,전도연,이창동,"['전도연', '송강호']",7.95
345,jeon_doyeon,밀양,20070115,전도연,이창동,"['전도연', '송강호']",7.95
346,song_kangho,우아한 세계,20070072,송강호,한재림,['송강호'],8.34
347,song_kangho,친절한 금자씨,20050148,송강호,박찬욱,"['이영애', '최민식']",7.54
348,choi_minsik,친절한 금자씨,20050148,최민식,박찬욱,"['이영애', '최민식']",7.54
349,song_kangho,남극일기,20050046,송강호,임필성,"['송강호', '유지태']",5.52
350,song_kangho,살인의 추억,20030046,송강호,봉준호,"['송강호', '김상경']",9.41
351,song_kangho,복수는 나의 것,20020106,송강호,박찬욱,"['송강호', '신하균', '배두나']",8.38
352,song_kangho,복수는 나의 것,20020106,송강호,박찬욱,"['송강호', '신하균', '배두나']",8.38
353,shin_hakyun,복수는 나의 것,20020106,신하균,박찬욱,"['송강호', '신하균', '배두나']",8.38
354,shin_hakyun,복수는 나의 것,20020106,신하균,박찬욱,"['송강호', '신하균', '배두나']",8.38
355,song_kangho,공동경비구역 JSA,20000044,송강호,박찬욱,"['이영애', '이병헌', '송강호', '김태우', '신하균']",9.29
356,shin_hakyun,공동경비구역 JSA,20000044,신하균,박찬욱,"['이영애', '이병헌', '송강호', '김태우', '신하균']",9.29
357,lee_byunghun,공동경비구역 JSA,20000044,이병헌,박찬욱,"['이영애', '이병헌', '송강호', '김태우', '신하균']",9.29
358,song_kangho,반칙왕,20000030,송강호,김지운,"['송강호', '장진영']",8.39
359,song_kangho,쉬리,19990084,송강호,강제규,"['한석규', '최민식', '송강호', '김윤진']",8.89
360,song_kangho,쉬리,19990084,송강호,강제규,"['한석규', '최민식', '송강호', '김윤진']",8.89
361,choi_minsik,쉬리,19990084,최민식,강제규,"['한석규', '최민식', '송강호', '김윤진']",8.89
362,choi_minsik,쉬리,19990084,최민식,강제규,"['한석규', '최민식', '송강호', '김윤진']",8.89
363,hwang_jeongmin,쉬리,19990084,황정민,강제규,"['한석규', '최민식', '송강호', '김윤진']",8.89
364,hwang_jeongmin,쉬리,19990084,황정민,강제규,"['한석규', '최민식', '송강호', '김윤진']",8.89
365,song_kangho,넘버 3,19970022,송강호,송능한,"['한석규', '최민식', '이미연']",8.43
366,choi_minsik,넘버 3,19970022,최민식,송능한,"['한석규', '최민식', '이미연']",8.43
367,song_kangho,청출어람,20123066,송강호,박찬욱,"['송강호', '전효정']",6.85
368,song_hyekyo,태평륜 완결편,20180001,송혜교,오우삼,"['송혜교', '장쯔이', '금성무', '나가사와 마사미', '황효명']",5.5
369,song_hyekyo,태평륜,20155883,송혜교,오우삼,"['장쯔이', '금성무', '송혜교', '황효명', '나가사와 마사미']",7.07
370,song_hyekyo,일대종사,20139072,송혜교,왕가위,"['양조위', '장쯔이', '송혜교', '장첸']",8.01
371,song_hyekyo,황진이,20070128,송혜교,장윤현,"['송혜교', '유지태']",5.34
372,yoon_yeojeong,황진이,20070128,윤여정,장윤현,"['송혜교', '유지태']",5.34
373,suzy,원더랜드,20191143,배수지,김태용,"['정유미', '최우식', '수지', '박보검', '탕웨이']",0.0
374,suzy,백두산,20192206,배수지,이해준,"['이병헌', '하정우', '마동석', '전혜진', '수지']",5.74
375,suzy,백두산,20192206,배수지,이해준,"['이병헌', '하정우', '마동석', '전혜진', '수지']",5.74
376,suzy,백두산,20192206,배수지,이해준,"['이병헌', '하정우', '마동석', '전혜진', '수지']",5.74
377,lee_byunghun,백두산,20192206,이병헌,이해준,"['이병헌', '하정우', '마동석', '전혜진', '수지']",5.74
378,lee_byunghun,백두산,20192206,이병헌,이해준,"['이병헌', '하정우', '마동석', '전혜진', '수지']",5.74
379,lee_byunghun,백두산,20192206,이병헌,이해준,"['이병헌', '하정우', '마동석', '전혜진', '수지']",5.74
380,jeon_doyeon,백두산,20192206,전도연,이해준,"['이병헌', '하정우', '마동석', '전혜진', '수지']",5.74
381,jeon_doyeon,백두산,20192206,전도연,이해준,"['이병헌', '하정우', '마동석', '전혜진', '수지']",5.74
382,jeon_doyeon,백두산,20192206,전도연,이해준,"['이병헌', '하정우', '마동석', '전혜진', '수지']",5.74
383,ha_jungwoo,백두산,20192206,하정우,이해준,"['이병헌', '하정우', '마동석', '전혜진', '수지']",5.74
384,ha_jungwoo,백두산,20192206,하정우,이해준,"['이병헌', '하정우', '마동석', '전혜진', '수지']",5.74
385,ha_jungwoo,백두산,20192206,하정우,이해준,"['이병헌', '하정우', '마동석', '전혜진', '수지']",5.74
386,ha_jungwoo,백두산,20192206,하정우,이해준,"['이병헌', '하정우', '마동석', '전혜진', '수지']",5.74
387,ha_jungwoo,백두산,20192206,하정우,이해준,"['이병헌', '하정우', '마동석', '전혜진', '수지']",5.74
388,ha_jungwoo,백두산,20192206,하정우,이해준,"['이병헌', '하정우', '마동석', '전혜진', '수지']",5.74
389,suzy,도리화가,20140144,배수지,이종필,"['류승룡', '수지', '송새벽']",5.6
390,suzy,건축학개론,20124074,배수지,이용주,"['엄태웅', '한가인', '이제훈', '수지']",8.68
391,lee_jehoon,건축학개론,20124074,이제훈,이용주,"['엄태웅', '한가인', '이제훈', '수지']",8.68
392,shin_hakyun,앵커,20196669,신하균,정지연,"['천우희', '신하균', '이혜영']",7.06
393,shin_hakyun,앵커,20196669,신하균,정지연,"['천우희', '신하균', '이혜영']",7.06
394,chun_woohee,앵커,20196669,천우희,정지연,"['천우희', '신하균', '이혜영']",7.06
395,chun_woohee,앵커,20196669,천우희,정지연,"['천우희', '신하균', '이혜영']",7.06
396,shin_hakyun,나의 특별한 형제,20185784,신하균,육상효,"['신하균', '이광수', '이솜']",8.95
397,shin_hakyun,나의 특별한 형제,20185784,신하균,육상효,"['신하균', '이광수', '이솜']",8.95
398,e_som,나의 특별한 형제,20185784,이솜,육상효,"['신하균', '이광수', '이솜']",8.95
399,e_som,나의 특별한 형제,20185784,이솜,육상효,"['신하균', '이광수', '이솜']",8.95
400,shin_hakyun,극한직업,20182530,신하균,이병헌,"['류승룡', '이하늬', '진선규', '이동휘', '공명']",8.51
401,shin_hakyun,7호실,20168754,신하균,이용승,"['신하균', '도경수']",6.55
402,shin_hakyun,악녀,20162343,신하균,정병길,"['김옥빈', '신하균', '성준', '김서형', '조은지']",6.97
403,shin_hakyun,올레,20150901,신하균,채두병,"['신하균', '박희순', '오만석', '유다인']",7.45
404,shin_hakyun,순수의 시대,20136063,신하균,안상훈,"['신하균', '장혁', '강한나', '강하늘']",6.33
405,shin_hakyun,빅매치,20134590,신하균,최호,"['이정재', '신하균', '이성민', '보아']",6.65
406,lee_jungjae,빅매치,20134590,이정재,최호,"['이정재', '신하균', '이성민', '보아']",6.65
407,shin_hakyun,고지전,20119515,신하균,장훈,"['신하균', '고수', '이제훈', '류승수', '고창석', '이다윗', '류승룡', '김옥빈', '조진웅', '정인기', '박영서']",8.68
408,shin_hakyun,고지전,20119515,신하균,장훈,"['신하균', '고수', '이제훈', '류승수', '고창석', '이다윗', '류승룡', '김옥빈', '조진웅', '정인기', '박영서']",8.68
409,lee_jehoon,고지전,20119515,이제훈,장훈,"['신하균', '고수', '이제훈', '류승수', '고창석', '이다윗', '류승룡', '김옥빈', '조진웅', '정인기', '박영서']",8.68
410,lee_jehoon,고지전,20119515,이제훈,장훈,"['신하균', '고수', '이제훈', '류승수', '고창석', '이다윗', '류승룡', '김옥빈', '조진웅', '정인기', '박영서']",8.68
411,shin_hakyun,페스티발,20101012,신하균,이해영,"['신하균', '엄지원', '심혜진', '성동일', '류승범', '백진희', '오달수']",7.73
412,shin_hakyun,카페 느와르,20100046,신하균,정성일,"['신하균', '문정희', '김혜나', '정유미', '이성민', '요조', '정인선', '최정윤']",5.48
413,shin_hakyun,예의없는 것들,20060225,신하균,박철희,"['신하균', '윤지혜']",7.31
414,shin_hakyun,박수칠 때 떠나라,20050178,신하균,장진,"['차승원', '신하균']",7.77
415,shin_hakyun,우리 형,20040628,신하균,안권태,"['원빈', '신하균', '김해숙', '이보영']",8.4
416,shin_hakyun,화성으로 간 사나이,20030063,신하균,김정권,"['신하균', '김희선']",6.58
417,shin_hakyun,묻지마 패밀리,20020052,신하균,박상원,"['정재영', '장신영', '류덕환', '임하룡', '김일웅', '박선영']",7.98
418,yoo_haejin,인질,20192194,유해진,필감성,"['황정민', '김재범', '이유미', '류경수', '정재원', '이규원', '이호정']",6.53
419,yoo_haejin,인질,20192194,유해진,필감성,"['황정민', '김재범', '이유미', '류경수', '정재원', '이규원', '이호정']",6.53
420,yoo_haejin,인질,20192194,유해진,필감성,"['황정민', '김재범', '이유미', '류경수', '정재원', '이규원', '이호정']",6.53
421,jeon_doyeon,인질,20192194,전도연,필감성,"['황정민', '김재범', '이유미', '류경수', '정재원', '이규원', '이호정']",6.53
422,jeon_doyeon,인질,20192194,전도연,필감성,"['황정민', '김재범', '이유미', '류경수', '정재원', '이규원', '이호정']",6.53
423,jeon_doyeon,인질,20192194,전도연,필감성,"['황정민', '김재범', '이유미', '류경수', '정재원', '이규원', '이호정']",6.53
424,hwang_jeongmin,인질,20192194,황정민,필감성,"['황정민', '김재범', '이유미', '류경수', '정재원', '이규원', '이호정']",6.53
425,hwang_jeongmin,인질,20192194,황정민,필감성,"['황정민', '김재범', '이유미', '류경수', '정재원', '이규원', '이호정']",6.53
426,hwang_jeongmin,인질,20192194,황정민,필감성,"['황정민', '김재범', '이유미', '류경수', '정재원', '이규원', '이호정']",6.53
427,yoo_haejin,공조2:인터내셔날,20215601,유해진,이석훈,"['현빈', '유해진', '윤아', '다니엘 헤니', '진선규']",0.0
428,yoo_haejin,도그데이즈(가제),20212668,유해진,김덕민,"['유해진', '윤여정', '김윤진', '정성화', '김서형', '이현우', '탕준상']",0.0
429,yoon_yeojeong,도그데이즈(가제),20212668,윤여정,김덕민,"['유해진', '윤여정', '김윤진', '정성화', '김서형', '이현우', '탕준상']",0.0
430,yoo_haejin,봉오동 전투,20184462,유해진,원신연,"['유해진', '류준열', '조우진']",7.96
431,yoo_haejin,봉오동 전투,20184462,유해진,원신연,"['유해진', '류준열', '조우진']",7.96
432,choi_minsik,봉오동 전투,20184462,최민식,원신연,"['유해진', '류준열', '조우진']",7.96
433,yoo_haejin,말모이,20184105,유해진,엄유나,"['유해진', '윤계상']",9.14
434,yoo_haejin,완벽한 타인,20177538,유해진,이재규,"['유해진', '조진웅', '이서진', '염정아', '김지수', '송하윤', '윤경호']",8.61
435,yoo_haejin,레슬러,20177005,유해진,김대웅,"['유해진', '김민재', '이성경']",4.94
436,yoo_haejin,간첩,20124400,유해진,우민호,"['김명민', '염정아', '유해진', '변희봉', '정겨운']",7.16
437,yoo_haejin,미쓰GO,20113532,유해진,박철관,"['고현정', '유해진', '성동일', '이문식', '고창석']",5.14
438,yoo_haejin,적과의 동침,20119529,유해진,박건용,"['김주혁', '정려원', '유해진']",7.52
439,yoo_haejin,부당거래,20100213,유해진,류승완,"['황정민', '류승범', '유해진', '천호진']",8.71
440,hwang_jeongmin,부당거래,20100213,황정민,류승완,"['황정민', '류승범', '유해진', '천호진']",8.71
441,yoo_haejin,이끼,20100209,유해진,강우석,"['정재영', '박해일', '유준상', '유선', '허준호', '유해진', '김상호', '김준배']",7.12
442,yoo_haejin,이장과 군수,20070084,유해진,장규성,"['차승원', '유해진']",7.27
443,yoo_haejin,그해 여름,20060338,유해진,조근식,"['이병헌', '수애']",8.92
444,yoo_haejin,그해 여름,20060338,유해진,조근식,"['이병헌', '수애']",8.92
445,lee_byunghun,그해 여름,20060338,이병헌,조근식,"['이병헌', '수애']",8.92
446,lee_byunghun,그해 여름,20060338,이병헌,조근식,"['이병헌', '수애']",8.92
447,yoon_yeojeong,행복의 나라로,20199718,윤여정,임상수,"['최민식', '박해일']",0.0
448,yoon_yeojeong,행복의 나라로,20199718,윤여정,임상수,"['최민식', '박해일']",0.0
449,choi_minsik,행복의 나라로,20199718,최민식,임상수,"['최민식', '박해일']",0.0
450,choi_minsik,행복의 나라로,20199718,최민식,임상수,"['최민식', '박해일']",0.0
451,yoon_yeojeong,지푸라기라도 잡고 싶은 짐승들,20180962,윤여정,김용훈,"['전도연', '정우성', '배성우', '윤여정', '정만식', '진경', '신현빈', '정가람']",6.64
452,jeon_doyeon,지푸라기라도 잡고 싶은 짐승들,20180962,전도연,김용훈,"['전도연', '정우성', '배성우', '윤여정', '정만식', '진경', '신현빈', '정가람']",6.64
453,jung_woosung,지푸라기라도 잡고 싶은 짐승들,20180962,정우성,김용훈,"['전도연', '정우성', '배성우', '윤여정', '정만식', '진경', '신현빈', '정가람']",6.64
454,yoon_yeojeong,그것만이 내 세상,20176104,윤여정,최성현,"['이병헌', '윤여정', '박정민']",8.96
455,lee_byunghun,그것만이 내 세상,20176104,이병헌,최성현,"['이병헌', '윤여정', '박정민']",8.96
456,yoon_yeojeong,죽여주는 여자,20161589,윤여정,이재용,"['윤여정', '전무송', '윤계상']",8.82
457,yoon_yeojeong,계춘할망,20156559,윤여정,창감독,"['윤여정', '김고은']",8.84
458,yoon_yeojeong,장수상회,20140703,윤여정,강제규,"['박근형', '윤여정', '조진웅', '한지민']",8.92
459,yoon_yeojeong,장수상회,20140703,윤여정,강제규,"['박근형', '윤여정', '조진웅', '한지민']",8.92
460,yoon_yeojeong,고령화 가족,20120426,윤여정,송해성,"['박해일', '윤제문', '공효진', '윤여정', '진지희']",8.2
461,yoon_yeojeong,돈의 맛,20124064,윤여정,임상수,"['김강우', '백윤식', '윤여정', '김효진']",6.8
462,yoon_yeojeong,죽어도 좋은 경험,19900080,윤여정,김기영,"['윤여정', '이탐미', '현길수', '김병학']",7.9
463,yoon_yeojeong,충녀,20080894,윤여정,김기영,"['윤여정', '남궁원', '전계현']",7.46
464,yoon_yeojeong,화녀,20080910,윤여정,김기영,"['남궁원', '윤여정', '전계현']",8.17
465,lee_byunghun,승부,20203863,이병헌,김형주,"['이병헌', '유아인']",0.0
466,lee_byunghun,콘크리트 유토피아,20204264,이병헌,엄태화,"['이병헌', '박서준', '박보영']",0.0
467,lee_byunghun,남산의 부장들,20180939,이병헌,우민호,"['이병헌', '이성민', '곽도원', '이희준', '김소진']",7.47
468,lee_byunghun,싱글라이더,20161723,이병헌,이주영,"['이병헌', '공효진', '안소희']",8.33
469,ha_jungwoo,싱글라이더,20161723,하정우,이주영,"['이병헌', '공효진', '안소희']",8.33
470,lee_byunghun,내부자들: 디 오리지널,20150025,이병헌,우민호,"['이병헌', '조승우', '백윤식']",9.04
471,lee_byunghun,내부자들: 디 오리지널,20150025,이병헌,우민호,"['이병헌', '조승우', '백윤식']",9.04
472,cho_seungwoo,내부자들: 디 오리지널,20150025,조승우,우민호,"['이병헌', '조승우', '백윤식']",9.04
473,cho_seungwoo,내부자들: 디 오리지널,20150025,조승우,우민호,"['이병헌', '조승우', '백윤식']",9.04
474,lee_byunghun,내부자들,20149314,이병헌,우민호,"['이병헌', '조승우', '백윤식']",9.0
475,lee_byunghun,내부자들,20149314,이병헌,우민호,"['이병헌', '조승우', '백윤식']",9.0
476,cho_seungwoo,내부자들,20149314,조승우,우민호,"['이병헌', '조승우', '백윤식']",9.0
477,cho_seungwoo,내부자들,20149314,조승우,우민호,"['이병헌', '조승우', '백윤식']",9.0
478,lee_byunghun,"협녀, 칼의 기억",20130021,이병헌,박흥식,"['이병헌', '전도연', '김고은']",5.36
479,lee_byunghun,"협녀, 칼의 기억",20130021,이병헌,박흥식,"['이병헌', '전도연', '김고은']",5.36
480,jeon_doyeon,"협녀, 칼의 기억",20130021,전도연,박흥식,"['이병헌', '전도연', '김고은']",5.36
481,jeon_doyeon,"협녀, 칼의 기억",20130021,전도연,박흥식,"['이병헌', '전도연', '김고은']",5.36
482,lee_byunghun,레드: 더 레전드,20136962,이병헌,딘 패리소트,"['이병헌', '브루스 윌리스', '존 말코비치', '캐서린 제타 존스', '헬렌 미렌', '메리 루이스 파커', '안소니 홉킨스']",8.02
483,lee_byunghun,지.아이.조 2,20113972,이병헌,<b>존</b> 추,"['채닝 테이텀', '이병헌', '브루스 윌리스', '드웨인 존슨', '아드리안 팔리키', '레이 스티븐슨', '레이 파크']",7.07
484,lee_byunghun,"광해, 왕이 된 남자",20124079,이병헌,추창민,"['이병헌', '류승룡', '한효주']",9.25
485,lee_byunghun,"광해, 왕이 된 남자",20124079,이병헌,추창민,"['이병헌', '류승룡', '한효주']",9.25
486,lee_byunghun,인플루언스,20100800,이병헌,이재규,"['이병헌', '한채영', '조재현', '전노민', '김태우', '이제훈', '박병은']",6.0
487,lee_jehoon,인플루언스,20100800,이제훈,이재규,"['이병헌', '한채영', '조재현', '전노민', '김태우', '이제훈', '박병은']",6.0
488,lee_byunghun,악마를 보았다,20100301,이병헌,김지운,"['이병헌', '최민식']",8.02
489,choi_minsik,악마를 보았다,20100301,최민식,김지운,"['이병헌', '최민식']",8.02
490,lee_byunghun,나는 비와 함께 간다,20090580,이병헌,트란 안 훙,"['이병헌', '조쉬 하트넷', '엘리어스 코티스', '기무라 타쿠야', '여문락']",3.78
491,lee_byunghun,달콤한 인생,20050017,이병헌,김지운,"['이병헌', '김영철', '신민아']",8.83
492,hwang_jeongmin,달콤한 인생,20050017,황정민,김지운,"['이병헌', '김영철', '신민아']",8.83
493,lee_byunghun,누구나 비밀은 있다,20040624,이병헌,장현수,"['이병헌', '최지우', '추상미', '김효진']",5.89
494,lee_byunghun,내 마음의 풍금,19990077,이병헌,이영재,"['이병헌', '전도연', '이미연']",8.99
495,lee_byunghun,내 마음의 풍금,19990077,이병헌,이영재,"['이병헌', '전도연', '이미연']",8.99
496,jeon_doyeon,내 마음의 풍금,19990077,전도연,이영재,"['이병헌', '전도연', '이미연']",8.99
497,jeon_doyeon,내 마음의 풍금,19990077,전도연,이영재,"['이병헌', '전도연', '이미연']",8.99
498,lee_byunghun,지상만가,19970051,이병헌,김희철,"['신현준', '이병헌', '정선경']",6.94
499,lee_byunghun,아마게돈,19960064,이병헌,이현세,"['최불암', '이병헌']",6.75
500,lee_byunghun,쉐어 더 비전,20159071,이병헌,양윤호,"['이병헌', '이수경', '배수빈']",8.7
501,e_som,별빛이 내린다,20223970,이솜,최국희,"['이솜', '옹성우', '심은경', '양동근']",0.0
502,e_som,소공녀,20173962,이솜,전고운,"['이솜', '안재홍']",8.8
503,e_som,"그래, 가족",20161366,이솜,마대윤,"['이요원', '정만식', '이솜', '정준원']",8.23
504,e_som,좋아해줘,20150977,이솜,박현진,"['이미연', '최지우', '김주혁', '유아인', '강하늘', '이솜']",8.29
505,e_som,산타바바라,20138221,이솜,조성규,"['이상윤', '윤진서', '이솜']",7.29
506,e_som,하이힐,20136062,이솜,장진,"['차승원', '오정세', '이솜']",7.79
507,e_som,맛있는 인생,20101066,이솜,조성규,"['류승수', '이솜']",7.23
508,e_som,울렁울렁 울렁대는 가슴안고,20209291,이솜,안재홍,"['이솜', '안재홍']",0.0
509,lee_jungjae,헌트,20211792,이정재,이정재,"['정우성', '이정재']",0.0
510,lee_jungjae,헌트,20211792,이정재,이정재,"['정우성', '이정재']",0.0
511,lee_jungjae,헌트,20211792,이정재,이정재,"['정우성', '이정재']",0.0
512,lee_jungjae,헌트,20211792,이정재,이정재,"['정우성', '이정재']",0.0
513,jung_woosung,헌트,20211792,정우성,이정재,"['정우성', '이정재']",0.0
514,lee_jungjae,다만 악에서 구하소서 파이널컷,20209304,이정재,홍원찬,"['황정민', '이정재', '박정민']",7.71
515,hwang_jeongmin,다만 악에서 구하소서 파이널컷,20209304,황정민,홍원찬,"['황정민', '이정재', '박정민']",7.71
516,lee_jungjae,다만 악에서 구하소서,20197922,이정재,홍원찬,"['황정민', '이정재', '박정민', '박소이']",7.61
517,hwang_jeongmin,다만 악에서 구하소서,20197922,황정민,홍원찬,"['황정민', '이정재', '박정민', '박소이']",7.61
518,lee_jungjae,신과함께-인과 연,20186202,이정재,김용화,"['하정우', '주지훈', '김향기', '마동석', '김동욱']",7.71
519,ha_jungwoo,신과함께-인과 연,20186202,하정우,김용화,"['하정우', '주지훈', '김향기', '마동석', '김동욱']",7.71
520,lee_jungjae,신과함께-죄와 벌,20150976,이정재,김용화,"['하정우', '차태현', '주지훈', '김향기', '김동욱', '마동석']",7.83
521,ha_jungwoo,신과함께-죄와 벌,20150976,하정우,김용화,"['하정우', '차태현', '주지훈', '김향기', '김동욱', '마동석']",7.83
522,lee_jungjae,인천상륙작전 : 익스텐디드 에디션(확장판),20160041,이정재,이재한,"['이정재', '이범수', '리암 니슨', '진세연']",6.95
523,lee_jungjae,인천상륙작전,20156250,이정재,이재한,"['이정재', '이범수', '리암 니슨', '진세연']",8.04
524,lee_jungjae,인천상륙작전,20156250,이정재,조긍하,"['신영균', '김혜정', '윤일봉']",8.65
525,lee_jungjae,대역전,20167246,이정재,이준,"['이정재', '종한량', '량예팅']",3.6
526,lee_jungjae,1724 기방난동사건,20080743,이정재,여균동,"['이정재', '김석훈', '김옥빈']",5.43
527,lee_jungjae,오! 브라더스,20030133,이정재,김용화,"['이정재', '이범수']",8.22
528,lee_jungjae,오버 더 레인보우,20020139,이정재,안진우,"['이정재', '장진영']",8.98
529,lee_jungjae,흑수선,20010011,이정재,배창호,"['이미연', '안성기', '이정재', '정준호']",6.0
530,lee_jungjae,순애보,20000056,이정재,이재용,"['이정재', '다치바나 미사토']",7.6
531,lee_jungjae,시월애,20000005,이정재,이현승,"['이정재', '전지현']",9.28
532,jeon_jihyun,시월애,20000005,전지현,이현승,"['이정재', '전지현']",9.28
533,lee_jungjae,이재수의 난,19990073,이정재,박광수,"['이정재', '심은하', '동방우']",5.98
534,lee_jungjae,태양은 없다,19980003,이정재,김성수,"['정우성', '이정재']",8.55
535,lee_jungjae,태양은 없다,19980003,이정재,김성수,"['정우성', '이정재']",8.55
536,jung_woosung,태양은 없다,19980003,정우성,김성수,"['정우성', '이정재']",8.55
537,jung_woosung,태양은 없다,19980003,정우성,김성수,"['정우성', '이정재']",8.55
538,lee_jungjae,알바트로스,19960038,이정재,이혁수,"['차인표', '이정재']",6.63
539,lee_jehoon,도굴,20192193,이제훈,박정배,"['이제훈', '조우진', '신혜선', '임원희']",7.25
540,lee_jehoon,사냥의 시간,20184722,이제훈,윤성현,"['이제훈', '안재홍', '최우식', '박정민', '박해수']",5.68
541,lee_jehoon,지구: 놀라운 하루,20189382,이제훈,피터 웨버,"['이제훈', '로버트 레드포드', '성룡']",9.4
542,lee_jehoon,아이 캔 스피크,20174142,이제훈,김현석,"['나문희', '이제훈']",9.38
543,lee_jehoon,박열,20178982,이제훈,이준익,"['이제훈', '최희서', '김인우']",8.12
544,lee_jehoon,탐정 홍길동: 사라진 마을,20142406,이제훈,조성희,"['이제훈', '김성균']",7.75
545,lee_jehoon,파파로티,20129368,이제훈,윤종찬,"['한석규', '이제훈', '오달수', '강소라', '조진웅', '이재용']",8.31
546,lee_jehoon,점쟁이들,20113887,이제훈,신정원,"['김수로', '강예원', '이제훈', '곽도원', '김윤혜', '양경모']",5.84
547,lee_jehoon,약탈자들,20090159,이제훈,손영성,"['김태훈', '박병은', '염지윤', '이희준', '이화룡', '조영규']",6.62
548,lee_jehoon,몰디브 환상특급,20110205,이제훈,신수아,"['기주봉', '오주희', '이제훈', '박정윤', '강현중', '양은용', '김대령', '황복연', '하수호', '한만진', '최보은']",9.29
549,lee_jehoon,미쓰 커뮤니케이션,20193533,이제훈,허서윤,"['이제훈', '한주원']",8.78
550,lee_jehoon,밤은 그들만의 시간,20110748,이제훈,조은경,"['김성현', '이제훈', '이태승', '김빈', '정다은', '조한나']",10.0
551,jeon_doyeon,남과 여,20145502,전도연,이윤기,"['전도연', '공유']",8.12
552,jeon_doyeon,무뢰한,20130566,전도연,오승욱,"['전도연', '김남길', '박성웅']",7.9
553,jeon_doyeon,멋진 하루,20081002,전도연,이윤기,"['전도연', '하정우']",8.22
554,ha_jungwoo,멋진 하루,20081002,하정우,이윤기,"['전도연', '하정우']",8.22
555,jeon_doyeon,너는 내 운명,20050239,전도연,박진표,"['전도연', '황정민', '나문희']",9.08
556,jeon_doyeon,너는 내 운명,20050239,전도연,박진표,"['전도연', '황정민', '나문희']",9.08
557,hwang_jeongmin,너는 내 운명,20050239,황정민,박진표,"['전도연', '황정민', '나문희']",9.08
558,hwang_jeongmin,너는 내 운명,20050239,황정민,박진표,"['전도연', '황정민', '나문희']",9.08
559,jeon_doyeon,피도 눈물도 없이,20020083,전도연,류승완,"['전도연', '이혜영']",7.86
560,jeon_doyeon,나도 아내가 있었으면 좋겠다,20000046,전도연,박흥식,"['전도연', '설경구']",8.03
561,jeon_doyeon,보금자리,20186742,전도연,임필성,"['전도연', '김푸름', '김보민']",0.0
562,jeon_jongseo,콜,20182591,전종서,이충현,"['박신혜', '전종서']",7.54
563,jeon_jihyun,내 여자친구를 소개합니다,20040568,전지현,곽재용,"['전지현', '장혁']",6.42
564,jeon_jihyun,4인용 식탁,20030126,전지현,이수연,"['박신양', '전지현', '유선']",6.39
565,jeon_jihyun,엽기적인 그녀,20010020,전지현,곽재용,"['전지현', '차태현']",9.3
566,jeon_jihyun,화이트 발렌타인,19990086,전지현,양윤호,"['전지현', '박신양']",7.89
567,jung_woosung,서울의 봄,20212866,정우성,김성수,"['황정민', '정우성', '박해준', '이성민', '김성균']",0.0
568,jung_woosung,서울의 봄,20212866,정우성,김성수,"['황정민', '정우성', '박해준', '이성민', '김성균']",0.0
569,hwang_jeongmin,서울의 봄,20212866,황정민,김성수,"['황정민', '정우성', '박해준', '이성민', '김성균']",0.0
570,hwang_jeongmin,서울의 봄,20212866,황정민,김성수,"['황정민', '정우성', '박해준', '이성민', '김성균']",0.0
571,jung_woosung,보호자(가제),20192995,정우성,정우성,"['정우성', '김남길', '박성웅', '김준한', '이엘리야', '박유나']",0.0
572,jung_woosung,보호자(가제),20192995,정우성,정우성,"['정우성', '김남길', '박성웅', '김준한', '이엘리야', '박유나']",0.0
573,jung_woosung,강철비2: 정상회담,20196271,정우성,양우석,"['정우성', '곽도원', '유연석', '앵거스 맥페이든']",4.98
574,jung_woosung,증인,20185881,정우성,이한,"['정우성', '김향기']",9.1
575,jung_woosung,증인,20185881,정우성,이한,"['정우성', '김향기']",9.1
576,jung_woosung,"그날, 바다",20182352,정우성,김지영,['정우성'],8.94
577,jung_woosung,강철비,20170402,정우성,양우석,"['정우성', '곽도원']",8.33
578,jung_woosung,아수라,20153443,정우성,김성수,"['정우성', '황정민', '주지훈', '곽도원']",6.99
579,hwang_jeongmin,아수라,20153443,황정민,김성수,"['정우성', '황정민', '주지훈', '곽도원']",6.99
580,jung_woosung,나를 잊지 말아요,20142641,정우성,이윤정,"['정우성', '김하늘']",6.72
581,jung_woosung,나를 잊지 말아요,20142641,정우성,이윤정,"['정우성', '김하늘']",6.72
582,jung_woosung,나를 잊지 말아요,20142641,정우성,이윤정,"['정우성', '김하늘']",6.72
583,jung_woosung,신의 한 수,20139201,정우성,조범구,"['정우성', '이범수', '안성기', '김인권', '이시영']",8.02
584,jung_woosung,감시자들,20122783,정우성,조의석,"['설경구', '정우성', '한효주']",7.76
585,jung_woosung,아테나: 전쟁의 여신,20119434,정우성,황정현,"['정우성', '수애', '차승원', '이지아', '김민종', '시원']",7.19
586,jung_woosung,검우강호,20100979,정우성,수 차오핑,"['정우성', '양자경', '서희원', '여문락']",7.49
587,jung_woosung,호우시절,20090557,정우성,허진호,"['정우성', '고원원']",7.43
588,jung_woosung,중천,20060370,정우성,조동오,"['정우성', '김태희']",5.61
589,jung_woosung,똥개,20030091,정우성,곽경택,"['정우성', '김갑수', '엄지원', '김정태']",7.9
590,jung_woosung,모텔 선인장,19970020,정우성,박기용,"['이미연', '진희경', '정우성', '박신양']",3.64
591,jung_woosung,본 투 킬,19960055,정우성,장현수,"['정우성', '심은하']",6.4
592,jung_woosung,구미호,19940033,정우성,박헌수,"['고소영', '정우성', '독고영재', '방은희']",5.26
593,cho_seungwoo,명당,20172204,조승우,박희곤,"['조승우', '지성', '김성균', '문채원', '유재명', '박충선', '백윤식']",7.06
594,cho_seungwoo,복숭아나무,20124917,조승우,구혜선,"['조승우', '류덕환', '남상미']",7.2
595,cho_seungwoo,퍼펙트 게임,20113260,조승우,박희곤,"['조승우', '양동근', '최정원']",8.95
596,cho_seungwoo,불꽃처럼 나비처럼,20090308,조승우,김용균,"['조승우', '수애', '천호진', '최재웅']",6.95
597,cho_seungwoo,하류인생,20040484,조승우,임권택,"['조승우', '김규리']",7.23
598,jo_inseong,안시성,20176122,조인성,김광식,"['조인성', '남주혁', '박성웅']",7.99
599,jo_inseong,쌍화점,20081716,조인성,유하,"['조인성', '주진모', '송지효']",7.27
600,jo_inseong,비열한 거리,20060137,조인성,유하,"['조인성', '천호진', '남궁민', '이보영']",8.8
601,jo_inseong,남남북녀,20030116,조인성,정초신,"['조인성', '김사랑', '공형진', '허영란']",5.56
602,jo_inseong,마들렌,20020006,조인성,박광춘,"['조인성', '신민아']",7.35
603,jo_inseong,마들렌,20020006,조인성,박광춘,"['조인성', '신민아']",7.35
604,ha_jungwoo,마들렌,20020006,하정우,박광춘,"['조인성', '신민아']",7.35
605,ha_jungwoo,마들렌,20020006,하정우,박광춘,"['조인성', '신민아']",7.35
606,chun_woohee,스마트폰을 떨어뜨렸을 뿐인데,20218689,천우희,김태준,"['임시완', '천우희', '김희원']",0.0
607,chun_woohee,비와 당신의 이야기,20193068,천우희,조진모,"['강하늘', '천우희']",6.73
608,chun_woohee,우상,20175407,천우희,이수진,"['한석규', '설경구', '천우희']",3.92
609,chun_woohee,해어화,20145506,천우희,박흥식,"['한효주', '유연석', '천우희', '박성웅']",8.1
610,chun_woohee,출중한 여자,20164305,천우희,윤성호,"['천우희', '안재홍', '이주승', '조정치']",9.21
611,chun_woohee,한공주,20134122,천우희,이수진,"['천우희', '정인선', '김소영']",8.81
612,chun_woohee,사이에서,20121602,천우희,어일선,"['황수정', '기태영', '박철민', '천우희', '송서율']",5.78
613,choi_minsik,이상한 나라의 수학자,20190299,최민식,박동훈,"['최민식', '김동휘']",8.19
614,choi_minsik,천문: 하늘에 묻는다,20184571,최민식,허진호,"['최민식', '한석규']",8.81
615,choi_minsik,대호,20145171,최민식,박훈정,['최민식'],8.03
616,choi_minsik,대호,20151441,최민식,박훈정,['최민식'],8.03
617,choi_minsik,명량,20129370,최민식,김한민,"['최민식', '류승룡', '조진웅']",8.44
618,choi_minsik,꽃피는 봄이 오면,20040651,최민식,류장하,['최민식'],8.64
619,choi_minsik,파이란,20010036,최민식,송해성,"['최민식', '장백지']",9.1
620,choi_minsik,우리들의 일그러진 영웅,19920061,최민식,박종원,"['홍경인', '고정일', '최민식', '태민영', '이진선', '신구']",9.32
621,ha_jungwoo,피랍,20193879,하정우,김성훈,"['하정우', '주지훈']",0.0
622,ha_jungwoo,야행,20216476,하정우,김진황,"['하정우', '김남길', '유다인']",0.0
623,ha_jungwoo,보스턴 1947,20197122,하정우,강제규,"['하정우', '배성우', '임시완']",0.0
624,ha_jungwoo,클로젯,20182447,하정우,김광빈,"['하정우', '김남길', '허율', '김시아']",6.4
625,ha_jungwoo,클로젯,20182447,하정우,김광빈,"['하정우', '김남길', '허율', '김시아']",6.4
626,ha_jungwoo,클로젯,20182447,하정우,김광빈,"['하정우', '김남길', '허율', '김시아']",6.4
627,ha_jungwoo,PMC: 더 벙커,20170658,하정우,김병우,"['하정우', '이선균']",5.2
628,ha_jungwoo,PMC: 더 벙커,20170658,하정우,김병우,"['하정우', '이선균']",5.2
629,ha_jungwoo,터널,20154910,하정우,김성훈,"['하정우', '배두나', '오달수']",8.37
630,ha_jungwoo,허삼관,20131262,하정우,하정우,"['하정우', '하지원']",7.53
631,ha_jungwoo,허삼관,20131262,하정우,하정우,"['하정우', '하지원']",7.53
632,ha_jungwoo,허삼관,20131262,하정우,하정우,"['하정우', '하지원']",7.53
633,ha_jungwoo,허삼관,20131262,하정우,하정우,"['하정우', '하지원']",7.53
634,ha_jungwoo,더 테러 라이브,20136052,하정우,김병우,"['하정우', '이경영', '전혜진']",8.3
635,ha_jungwoo,577 프로젝트,20128271,하정우,이근우,"['공효진', '하정우']",8.22
636,ha_jungwoo,577 프로젝트,20128271,하정우,이근우,"['공효진', '하정우']",8.22
637,ha_jungwoo,러브픽션,20113916,하정우,전계수,"['하정우', '공효진']",6.74
638,ha_jungwoo,의뢰인,20110613,하정우,손영성,"['하정우', '박희순', '장혁']",8.07
639,ha_jungwoo,국가대표,20090307,하정우,김용화,"['하정우', '성동일', '김지석', '김동욱', '최재환', '이재응', '이은성']",9.13
640,ha_jungwoo,비스티 보이즈,20080394,하정우,윤종빈,"['윤계상', '하정우', '윤진서']",7.17
641,ha_jungwoo,용서받지 못한 자,20050303,하정우,윤종빈,"['하정우', '서장원']",9.1
642,hwang_jeongmin,교섭,20190808,황정민,임순례,"['황정민', '현빈', '강기영']",10.0
643,hwang_jeongmin,공작,20179101,황정민,윤종빈,"['황정민', '이성민', '조진웅', '주지훈']",6.84
644,hwang_jeongmin,군함도,20161481,황정민,류승완,"['황정민', '소지섭', '송중기', '이정현', '김수안']",5.3
645,hwang_jeongmin,국제시장,20137048,황정민,윤제균,"['황정민', '김윤진', '오달수', '정진영']",9.02
646,hwang_jeongmin,전설의 주먹,20125333,황정민,강우석,"['황정민', '유준상', '이요원', '윤제문', '정웅인', '성지루']",7.56
647,hwang_jeongmin,댄싱퀸,20113743,황정민,이석훈,"['황정민', '엄정화']",8.87
648,hwang_jeongmin,모비딕,20110313,황정민,박인제,"['황정민', '진구', '김민희', '김상호']",7.31
649,hwang_jeongmin,구르믈 버서난 달처럼,20090931,황정민,이준익,"['황정민', '차승원', '한지혜', '백성현']",6.83
650,hwang_jeongmin,그림자 살인,20090156,황정민,박대민,"['황정민', '류덕환', '엄지원', '오달수']",7.36
651,hwang_jeongmin,검은 집,20070205,황정민,신태라,"['황정민', '유선', '강신일', '김서형']",6.42
652,hwang_jeongmin,사생결단,20060100,황정민,최호,"['류승범', '황정민']",7.44
653,hwang_jeongmin,천군,20050141,황정민,민준기,"['박중훈', '김승우', '황정민', '공효진']",7.1
654,hwang_jeongmin,"여자, 정혜",20040751,황정민,이윤기,"['김지수', '황정민']",7.48
655,hwang_jeongmin,마지막 늑대,20040486,황정민,구자홍,"['양동근', '황정민']",5.41
656,hwang_jeongmin,이공,20030441,황정민,박경희,"['황정민', '추상미', '박그리나']",6.0
657,hwang_jeongmin,오감도,20090319,황정민,민규동,"['장혁', '차현정', '김강우', '차수연', '배종옥', '김수로', '김규리', '엄정화', '황정민', '김효진', '김동욱', '신세경', '송중기', '이시영', '정의철', '클라라']",2.78
